{"cameraMode":{"drawMode":0,"name":"Shaded","section":"Shading Mode"},"sceneLighting":true,"audioPlay":false,"sceneViewState":{"showFog":true,"showMaterialUpdate":false,"showSkybox":true,"showFlares":true,"showImageEffects":true,"showParticleSystems":true,"showVisualEffectGraphs":true,"m_FxEnabled":true},"in2DMode":false,"pivot":{"x":4.326077461242676,"y":-19.343812942504884,"z":82.9445571899414},"rotation":{"x":0.14706219732761384,"y":0.009197034873068333,"z":-0.001353945699520409,"w":0.9891074895858765},"size":71.82662963867188,"orthographic":false}