{"cameraMode":{"drawMode":0,"name":"Shaded","section":"Shading Mode"},"sceneLighting":true,"audioPlay":false,"sceneViewState":{"showFog":true,"showMaterialUpdate":false,"showSkybox":true,"showFlares":true,"showImageEffects":true,"showParticleSystems":true,"showVisualEffectGraphs":true,"m_FxEnabled":true},"in2DMode":false,"pivot":{"x":2.0183496475219728,"y":2.337399482727051,"z":2.653238296508789},"rotation":{"x":0.06414658576250076,"y":-0.0009010916692204773,"z":-0.00005789349233964458,"w":-0.9979560375213623},"size":5.009053707122803,"orthographic":false}