{"cameraMode":{"drawMode":0,"name":"Shaded","section":"Shading Mode"},"sceneLighting":true,"audioPlay":false,"sceneViewState":{"showFog":true,"showMaterialUpdate":false,"showSkybox":true,"showFlares":true,"showImageEffects":true,"showParticleSystems":true,"showVisualEffectGraphs":true,"m_FxEnabled":true},"in2DMode":false,"pivot":{"x":2.9393815994262697,"y":31.224218368530275,"z":52.999271392822269},"rotation":{"x":-0.18933136761188508,"y":-0.01384648960083723,"z":-0.0026704673655331136,"w":0.9818140864372253},"size":36.352691650390628,"orthographic":false}